<?xml version="1.0"?>
<!--
/**
 * @author Amasty Team
 * @copyright Copyright (c) 2021 Amasty (https://www.amasty.com)
 * @package Amasty_AdvancedReview
 */
-->

<view xmlns:xsi="http://www.w3.org/2001/XMLSchema-instance" xsi:noNamespaceSchemaLocation="urn:magento:framework:Config/etc/view.xsd">
    <media>
        <images module="Magento_Catalog">
            <image id="advanced_review_widget_image" type="small_image">
                <width>240</width>
                <height>300</height>
            </image>
            <image id="advanced_review_product_reviews_widget_image" type="small_image">
                <width>150</width>
                <height>150</height>
            </image>
        </images>
    </media>
</view>
